timestamp,symbol,side,type,entry_price,exit_price,size_usdt,pnl_usdt,pnl_percent,roi_percent,fee,strategy_tag,result,prompt,reason,setup_at,filled_at
2026-01-28T16:46:10,SOL/USDT,BUY,LIMIT,126.3609,0,375.00,0,0,0,0,LIQUIDITY_REVERSAL_MASTER,CANCELLED,,"Bias makro bullish dengan struktur HH+HL di 1h dan tren BTC bullish (korelasi tinggi 0.94). Pola 30m konsolidasi dengan potensi breakout bullish. Trigger 15m menunjukkan harga di atas EMA, RSI netral (56.8), dan imbalance order book positif (+2.0%) mendukung likuiditas beli. Level entry 126.36 menargetkan sweep likuiditas di area S1 (126.42) dan Pivot (126.82) untuk reversal bullish. SL di 125.46 aman di bawah support, TP 127.71 realistis menuju R1.",2026-01-28T16:46:10,
2026-01-28T18:00:22,BTC/USDT,BUY,LIMIT,88956.4686,0,375.00,0,0,0,0,LIQUIDITY_REVERSAL_MASTER,CANCELLED,,"Analisis multi-timeframe menunjukkan konfirmasi bullish yang kuat. Struktur pasar 1H (HH+HL) memberikan bias utama. Pola 30m dan MACD tidak memberikan sinyal kontra. Pada timeframe 15m, momentum mendukung: RSI (56.24) netral-bullish, StochRSI (K=64.22) belum jenuh beli, dan harga berada di atas EMA Fast & Slow. Faktor kunci adalah Order Book Depth dengan imbalance sangat tinggi (+55.9%), menunjukkan potensi kuat untuk Liquidity Hunt di area bid yang tebal. Level entry pada 88956.47 (hampir menyentuh Lower Bollinger Band 88835.05) merupakan area yang menarik untuk sweeping stop loss dan memicu reversal ke arah R1 (89605.93). Aktivitas Whale menunjukkan net buying yang signifikan, meskipun Fear & Greed Index masih di zona Fear (37), menciptakan peluang contrarian. Execution Plan dengan Risk:Reward 1:1.5 masuk akal untuk setup ini.",2026-01-28T18:00:22,
2026-01-30T12:45:25,SOL/USDT,BUY,LIMIT,114.1012,113.58,375.00,-1.71,-1.71,-6.87,0,LIQUIDITY_REVERSAL_MASTER,LOSS,,"Analisis multi-timeframe menunjukkan sinyal bullish yang kuat. Struktur Expanding di 1h menunjukkan volatilitas tinggi yang sering mendahului pergerakan besar. Pola double bottom dan bullish divergence MACD di 30m mengkonfirmasi potensi pembalikan naik. Di timeframe 15m, meskipun EMA alignment bearish (Fast < Slow), harga saat ini (115.61) masih di atas kedua EMA, dan StochRSI berada di zona oversold ekstrem (K=96.10), menunjukkan momentum jenuh jual yang siap untuk reversal. Order book imbalance -22.3% (asks > bids) yang signifikan menunjukkan potensi liquidity hunt ke bawah menuju Support 1 (114.54) atau bahkan lebih rendah ke area 114.10 sebelum reversal naik menuju Resistance 1 (116.10). Aktivitas whale yang menunjukkan pembelian besar-besaran pada BTC dan SOL mendukung sentimen bullish. Fear & Greed Index di 28 (Fear) juga sering menjadi contrarian indicator untuk pembalikan naik.",2026-01-30T12:45:25,2026-01-30T13:27:52
2026-02-01T01:45:13,SOL/USDT,SELL,LIMIT,104.2445,104.16,750.00,+0.58,+0.58,+2.30,0,LIQUIDITY_REVERSAL_MASTER,WIN,,"1. Trend Makro BEARISH: BTC dalam fase bearish (EMA 50) dan SOL memiliki korelasi 0.98. Struktur market (LH+LL) mengkonfirmasi. 2. Setup Valid: Pattern 30m menunjukkan kelanjutan downtrend dengan MACD negatif. 3. Trigger Eksekusi: Price di 15m berada di bawah kedua EMA dengan alignment bearish, RSI oversold tetapi ADX sangat kuat (69.93) menunjukkan momentum bearish masih dominan. Harga mendekati Bollinger Lower Band (99.90) yang bisa menjadi target liquidity sweep sebelum reversal kecil. 4. Faktor Eksternal: Fear & Greed Index di 26 (Fear), whale activity menunjukkan selling besar-besaran ($13+ juta), dan order book imbalance ke sisi ask mendukung penurunan lebih lanjut. 5. Scenario Valid: Entry SELL di 104.24 (mendekati R1 pivot 106.57) memberikan RR 1:1.5 yang masuk akal jika harga bounce dari oversold area menuju resistance.",2026-02-01T01:45:13,2026-02-01T05:57:35
2026-02-01T02:45:13,BTC/USDT,SELL,LIMIT,79178.1160,78478.1,750.00,+6.30,+6.30,+26.76,0,COUNTER_TREND,WIN,,"Analisis multi-timeframe menunjukkan konvergensi sinyal bearish: (1) Struktur makro 1h konsolidasi triangle berpotensi breakdown, (2) Validasi pola 30m menunjukkan downtrend dengan MACD bearish yang menguat, (3) Trigger 15m menunjukkan momentum bearish kuat dengan ADX tinggi (63.42) dan harga di bawah semua EMA. Order book imbalance +98.5% mengindikasikan liquidity hunt di area support. RSI oversold (21.52) bukan sinyal buy karena trend utama bearish kuat. Sentimen Fear & Greed Index (26) dan whale activity net selling mendukung bearish bias. Strategi Counter Trend untuk fade rally ke resistance atau breakdown dari triangle.",2026-02-01T02:45:13,2026-02-01T06:24:42
2026-02-02T21:15:18,BTC/USDT,BUY,LIMIT,76926.8051,0,300.00,0,0,0,0,LIQUIDITY_REVERSAL_MASTER,CANCELLED,,"Analisis menunjukkan kondisi yang optimal untuk setup Long berdasarkan logika Liquidity Hunt. Dari Macro View (1H), market structure bearish dengan Pivot S1 di 77801.57. Pada timeframe eksekusi (15M), harga saat ini di 77749.70 telah MENYAPU (sweep) area S1 dan berada di bawahnya, tepat di zona stop loss retail trader yang long. Konfirmasi sweep kuat: terdapat sinyal BULLISH_REJECTION dengan kekuatan 21.0x pada candle terakhir, menunjukkan penolakan tajam setelah penetrasi. Volume saat ini (2130) juga di atas rata-rata (2005), memenuhi syarat spike. Momentum dari timeframe 30M dan 15M tetap bullish (EMA alignment, MACD positif), mendukung reversal ke atas setelah sweep selesai. Sentimen Fear & Greed di 15 (Extreme Fear) seringkali menjadi contrarian indicator. Meski ada aktivitas whale jual yang besar, imbalance order book positif (+7.3%) dan serangkaian buy whale terakhir mendukung tekanan beli. Harga telah menyapu likuiditas di bawah S1 dan menunjukkan penolakan kuat, sesuai dengan skenario A.",2026-02-02T21:15:18,
2026-02-03T09:15:15,BTC/USDT,BUY,LIMIT,77863.3622,78810.9,300.00,+2.84,+2.84,+18.03,0,LIQUIDITY_REVERSAL_MASTER,WIN,,"Saya memilih untuk BUY berdasarkan logika Liquidity Hunt. Analisis makro (1H) menunjukkan struktur pasar Expanding, namun konfirmasi pembalikan terjadi pada timeframe yang lebih rendah. Pada timeframe 15M, harga saat ini (78493.90) sudah berada di BAWAH level S1 (78717.00), yang merupakan zona target sweep likuiditas dari Stop Loss trader retail. Ini memicu **SCENARIO A (Long)**. Konfirmasi sweep kuat: ada penolakan bullish (wick rejection) dengan kekuatan 5.8x di area S1, dan volume saat ini (1030.74) juga melebihi rata-rata (846.62), mengindikasikan aktivitas order besar (smart money). Meskipun bias makro 30M bullish dan 15M menunjukkan sinyal bearish jangka pendek, divergensi oversold pada RSI/Stoch belum terlihat, namun kombinasi penolakan kuat di level likuiditas kunci dan volume yang mendukung sudah cukup untuk setup reversal. Imbalance order book yang sangat bearish (-82%) juga menguatkan teori bahwa likuiditas di bawah S1 telah disapu untuk memicu pembalikan ke atas.",2026-02-03T09:15:15,2026-02-03T09:58:46
2026-02-03T09:15:40,SOL/USDT,BUY,LIMIT,102.1132,103.92,300.00,+5.30,+5.30,+26.13,0,LIQUIDITY_REVERSAL_MASTER,WIN,,"Analisis menunjukkan kondisi yang optimal untuk setup Long berdasarkan logika Liquidity Hunt. Harga saat ini di 103.32 telah menembus dan berada di BAWAH level S1 (103.74), memenuhi kriteria awal untuk sweep zona likuiditas stop loss retail. Konfirmasi kuat datang dari sinyal penolakan (wick rejection) bullish dengan kekuatan 18.5x pada timeframe 15m, yang mengindikasikan penyerapan likuiditas di bawah S1 diikuti oleh penolakan tajam. Volume juga menunjukkan spike signifikan (2.15x dari rata-rata), mengkonfirmasi aktivitas besar di zona tersebut. Meskipun bias makro BTC bearish dan struktur 1h bullish, momentum jangka pendek sangat mendukung reversal dari area oversold (RSI 38.3, StochRSI rendah). Sentimen Fear & Greed yang ekstrem (17) dan aktivitas whale buy besar ($1.2M) menambah konteks bahwa penurunan mungkin telah jenuh dijual. Scenario A (Long) dipilih karena entry di 102.11 berada tepat di zona sweep likuiditas yang telah dikonfirmasi penolakannya.",2026-02-03T09:15:40,2026-02-03T10:04:10
2026-02-03T12:15:40,BTC/USDT,BUY,LIMIT,77761.7456,0,300.00,0,0,0,0,LIQUIDITY_REVERSAL_MASTER,CANCELLED,,"Analisis menunjukkan kondisi yang ideal untuk strategi Liquidity Hunt Long. Harga saat ini (78,468) telah menembus ke bawah level Support S1 (78,476.63) pada timeframe 15m, memicu stop loss trader retail. Konfirmasi sweep terlihat dari penolakan wick bullish yang sangat kuat (15.2x body) di area tersebut, meskipun volume spike belum mencapai 1.5x rata-rata. Struktur makro 1 jam dalam pola Expanding (Megaphone) yang volatile mendukung pergerakan ekstrem ini. Sentimen pasar berada di Extreme Fear (Index: 17) yang sering menjadi kontrarian indicator, dan aktivitas whale menunjukkan aksi jual besar-besaran yang kemungkinan merupakan bagian dari liquidity grab sebelum reversal. Meskipun bias 30m bearish, momentum oversold dan penolakan kuat di S1 adalah sinyal utama untuk entry long, menargetkan area di sekitar Pivot (78,722) sebagai take profit.",2026-02-03T12:15:40,
2026-02-03T15:15:13,BTC/USDT,BUY,LIMIT,77806.3786,0,300.00,0,0,0,0,LIQUIDITY_REVERSAL_MASTER,CANCELLED,,"Skenario Long valid. Harga saat ini di 78458.80 sudah SWEEP ke bawah level S1 (78499.03) dan sedang melakukan rejection. MACRO VIEW 1h dalam kondisi BEARISH (LH+LL), ini sejalan dengan pola liquidity hunt dimana Smart Money akan sweep liquidity zona Long (retail SL di bawah S1) sebelum reversal ke atas. Konfirmasi dari 15m: harga sudah menembus S1, RSI di level 48.21 (mendekati oversold), volume spike 1342 (hampir 1.5x average), dan ada WHALE SELL activity yang menandakan akhir penjualan besar. Order Book imbalance +15.5% mendukung reversal. Sentimen Fear & Greed Index di 17 (extreme fear) menunjukkan kondisi oversold ekstrem.",2026-02-03T15:15:13,
2026-02-03T22:15:45,BTC/USDT,BUY,LIMIT,76394.0737,0,300.00,0,0,0,0,LIQUIDITY_REVERSAL_MASTER,CANCELLED,,"Analisis menunjukkan kondisi yang sangat kuat untuk setup Long berdasarkan logika Liquidity Hunt. Dari Macro View (1H), harga saat ini (77142.80) sudah berada DI BAWAH level Support S1 (76731.30), yang merupakan zona target sweep untuk stop loss trader retail Long. Pada timeframe eksekusi (15m), kita melihat konfirmasi kuat: 1) **Wick Rejection Bullish** dengan kekuatan 4.2x body candle, menunjukkan penolakan keras di area support, 2) **Volume spike** signifikan (7224 vs rata-rata 2054), memenuhi syarat >1.5x avg, 3) **RSI oversold** di 29.03, mendukung potensi reversal naik. Meskipun bias 30m bearish karena divergensi MACD, kondisi oversold ekstrem dan penolakan kuat di area likuiditas S1 justru menciptakan 'trap' sempurna untuk reversal. Sentimen Fear & Greed Index di 17 (extreme fear) dan aktivitas whale yang mixed memberikan konteks bahwa panic selling retail mungkin telah terjadi, dan smart money siap mengambil posisi berlawanan. Semua elemen sweep terpenuhi: harga menyentuh zona S1, ditolak dengan wick panjang dan volume tinggi.",2026-02-03T22:15:45,
2026-02-03T22:52:27,BTC/USDT,BUY,LIMIT,76542.2779,75633.0,300.00,-2.73,-2.73,-18.03,0,LIQUIDITY_REVERSAL_MASTER,LOSS,,"Analisis menunjukkan kondisi untuk SCENARIO A (Long) sedang aktif. Harga saat ini (77,439.90) berada di BAWAH S1 (76,731.30), yang merupakan zona likuiditas retail Long SL. Pada timeframe 15m, terjadi penolakan bullish yang kuat (Wick Rejection Strength: 4.2x) setelah harga menyentuh area terendah (L=77,275.00). Volume spike sangat jelas (5,569.199 vs Avg 2,592.69955), melebihi kriteria >1.5x rata-rata. RSI (38.85) dan StochRSI (K=34.15) menunjukkan kondisi oversold, mendukung potensi pembalikan. Meskipun bias makro 1h adalah konsolidasi dan bias 30m bearish, aksi sweep likuiditas di bawah S1 dengan konfirmasi volume dan penolakan wick adalah sinyal utama untuk Liquidity Hunt. Imbalance order book yang sangat bullish (+64.5%) juga mendukung pergerakan naik setelah sweep. SCENARIO B ditolak karena harga jauh dari R1 dan tidak ada tanda-tanda sweep ke atas.",2026-02-03T22:52:27,2026-02-03T23:33:25
2026-02-04T06:00:37,BTC/USDT,BUY,LIMIT,74462.9554,0,300.00,0,0,0,0,LIQUIDITY_REVERSAL_MASTER,CANCELLED,,"Berdasarkan analisis Liquidity Hunt, situasi saat ini menunjukkan sinyal kuat untuk SCENARIO A (Long). Harga saat ini (75,672.50) sudah berada di bawah level S1 (75,276.67), mengindikasikan zona likuiditas untuk stop loss trader long retail telah tersentuh. Pada timeframe 15m, terdapat sinyal BULLISH_REJECTION dengan kekuatan 3.0x yang terjadi di area ini, yang merupakan pola klasik 'wick penetration' dengan penolakan kuat (sweep & rejection). Imbalance order book yang sangat besar (+89.3%) mendukung adanya aktivitas smart money yang sedang mengumpulkan likuiditas di area bawah. Selain itu, pada timeframe 30m terlihat divergensi bullish MACD meskipun harga membuat lower low, memberikan konfirmasi momentum reversal. Sentimen extreme fear (index 17) dan aktivitas whale buy yang dominan dalam beberapa menit terakhir semakin menguatkan bias untuk pembalikan ke atas dari area support yang telah disapu.",2026-02-04T06:00:37,
2026-02-04T15:00:53,BTC/USDT,BUY,LIMIT,75880.0375,0,300.00,0,0,0,0,LIQUIDITY_REVERSAL_MASTER,CANCELLED,,"Analisis menunjukkan kondisi yang optimal untuk SCENARIO A (Long). Harga saat ini (76,478.90) berada DI BAWAH level S1 (76,313.13), yang merupakan zona likuiditas utama untuk stop loss trader retail. Pada timeframe 15m, terdapat sinyal **BULLISH_REJECTION** dengan kekuatan 8.2x, mengindikasikan penolakan kuat setelah harga menyentuh area support. Pola Inverse Head & Shoulders dan divergensi bullish MACD pada 30m mendukung pembalikan ke atas. Meskipun struktur makro 1h bearish, sentimen Fear & Greed yang ekstrem (14) dan aktivitas whale buy besar ($10.8M) menciptakan kondisi oversold yang ideal untuk likuiditas hunt. Order book menunjukkan ketidakseimbangan besar (+97.2%) di sisi bid, mengonfirmasi tekanan beli yang kuat. Semua faktor ini mengarah pada sweep likuiditas di bawah S1 sebelum reversal.",2026-02-04T15:00:53,
2026-02-09T12:15:12,BTC/USDT,BUY,LIMIT,70044.8182,0,150.00,0,0,0,0,LIQUIDITY_REVERSAL_MASTER,EXPIRED,,"Analisis menunjukkan setup LONG yang valid meskipun tren 15m bearish. Berikut logikanya: 1) Struktur makro 1h masih BULLISH (HH+HL) mendukung bias naik. 2) Price action menunjukkan WICK_REJECTION di S1 (70788) dengan wick mencapai 70766.80 lalu close di 70793.10 (ABOVE S1). 3) Meski tren 15m STRONG BEARISH, semua kriteria EXCEPTION untuk reversal terpenuhi: RSI 49.92 (tidak <25 tapi oversold cukup dalam), StochRSI K=54.15 D=66.52 (belum crossover bullish tapi mendekati), wick penetrasi S1 dengan body close di atas S1, volume ratio 0.66x (tidak >2x TAPI ada whale buying activity signifikan sebagai konfirmasi). 4) Sentimen extreme fear (index 9) + bearish divergence di 30m menciptakan kondisi oversold ideal untuk reversal. 5) Order book imbalance -63.9% menunjukkan liquidity hunt potensial.",2026-02-09T12:15:12,
2026-02-09T17:45:19,BTC/USDT,BUY,LIMIT,67804.5307,0,400.00,0,0,0,0,LIQUIDITY_REVERSAL_MASTER,EXPIRED,,"Meskipun tren 15m sangat bearish (STRONG BEARISH) dan struktur makro 1h bullish, kondisi saat ini memenuhi semua kriteria pengecualian untuk reversal: RSI 20.66 (<25) oversold ekstrem, StochRSI K=0.00 dan D=0.00 menunjukkan potensi crossover bullish dari level jenuh jual, wick menembus S1 (68373.90) tetapi penutupan di atas S1 (68584.60) mengkonfirmasi penolakan, volume 2.78x rata-rata menunjukkan absorpsi kuat. Sentimen pasar extreme fear (index 9) dan aktivitas whale campur aduk menambah konteks oversold. Setup ini valid untuk strategi reversal melawan tren jangka pendek.",2026-02-09T17:45:19,
2026-02-09T21:15:15,BTC/USDT,BUY,LIMIT,67836.8739,0,400.00,0,0,0,0,LIQUIDITY_REVERSAL_MASTER,EXPIRED,,"Analisis menunjukkan sinyal LONG yang valid meskipun tren 15m bearish, karena memenuhi semua kriteria EXCEPTION pada TREND LOCK GATE untuk reversal. Konteks makro 1h BULLISH (HH+HL) mendukung pembalikan ke atas. Pada timeframe 15m, harga melakukan sweep tajam ke S1 (wick mencapai 68271.70) namun ditutup di atasnya (68572.20), membentuk pola bullish rejection dengan kekuatan 18.8x. RSI berada di 31.73 (mendekati oversold) dan meskipun StochRSI K belum cross di atas D, momentum penolakan kuat didukung oleh imbalance order book yang signifikan (+51.1%) dan volume 1.78x rata-rata. Fear & Greed Index di 9 (extreme fear) seringkali menjadi contrarian indicator. Whale activity menunjukkan buying pressure besar ($8.1M buy) yang mendukung pembalikan.",2026-02-09T21:15:15,
2026-02-10T00:15:12,BTC/USDT,BUY,LIMIT,68824.6129,0,400.00,0,0,0,0,PULLBACK_CONTINUATION,EXPIRED,,"Struktur makro 1JAM bullish (HH+HL) mendukung posisi LONG. Pada timeframe eksekusi 15m, trend juga STRONG BULLISH (price > EMA7 & EMA21) dan alignment EMA bullish (Fast > Slow). ADX 22.76 menunjukkan trend cukup kuat. Saat ini harga sedang melakukan pullback ke area support EMA (Fast 69677.14). Level RSI 57.35 dan StochRSI oversold (K=96.45) namun masih dalam kondisi bullish. Meskipun volume normal (0.93x avg) dan terjadi rejection bearish, kondisi pullback ini cocok untuk entry LONG mengikuti tren utama. Order book imbalance sangat bullish (+92.1%) dan aktivitas whale net-buy juga mendukung. Sentimen Fear & Greed yang extreme fear (9) seringkali menjadi kontrarian indicator untuk rally.",2026-02-10T00:15:12,
2026-02-10T04:15:18,BTC/USDT,BUY,LIMIT,69511.8597,0,400.00,0,0,0,0,PULLBACK_CONTINUATION,EXPIRED,,"Analisis berikut mendukung eksekusi LONG/BUY:

1. **TREND LOCK GATE - LULUS:** Trend 15m adalah 'BULLISH PULLBACK' dengan alignment EMA Fast(7) > Slow(21). Ini mode LONG-only, sesuai dengan setup LONG yang diusulkan.

2. **MACRO & SETUP VALIDATION MENDUKUNG:**
   - Struktur 1h adalah Expanding (Megaphone), yang netral/campuran, tapi tidak secara langsung melarang LONG.
   - Analisis 30m menunjukkan bias **BULLISH** dengan pola higher low dan higher high, diperkuat oleh histogram MACD yang naik. Ini selaras dengan tren 15m.

3. **STRATEGY MAPPING KE PULLBACK_CONTINUATION:**
   - Price (70369.70) sedang melakukan pullback mendekati dan bahkan sempat menyentuh EMA Slow(21) di 70346.26 (lihat low candle 15m di 70340.70).
   - **Tidak ada sweep S1 yang dikonfirmasi untuk reversal.** Meskipun ada wick yang panjang (bullish rejection strength 9.3x), body candle terakhir **MENUTUP DI BAWAH S1** (70369.70 vs 70394.27). Volume juga rendah (0.45x avg), sehingga tidak memenuhi kriteria volume spike >2.0x untuk strategi LIQUIDITY_REVERSAL_MASTER.
   - ADX 26.03 menunjukkan tren yang KUAT (>14), memenuhi syarat utama untuk PULLBACK_CONTINUATION.
   - Setup ini adalah 'clean trend move' - pullback dalam tren naik yang kuat ke area support EMA, BUKAN reversal dari sweep.

4. **KONFIRMASI TAMBAHAN:**
   - Order book imbalance +20.5% mendukung sisi bid (beli).
   - Aktivitas whale menunjukkan aksi beli yang signifikan ($17.7Jt vs jual $4.8Jt dalam periode terakhir), menambah konfirmasi tekanan beli.
   - Fear & Greed Index di 9 (extreme fear) sering menjadi contrarian indicator untuk peluang beli.

**KESIMPULAN:** Kondisi saat ini adalah PULLBACK dalam tren BULLISH yang kuat, bukan REVERSAL dari sweep. Oleh karena itu, strategi yang tepat adalah PULLBACK_CONTINUATION untuk entry LONG pada pullback ke EMA. Entry limit di 69511.86 sudah memperhitungkan ruang untuk pullback lebih dalam.",2026-02-10T04:15:18,
2026-02-10T16:30:30,BTC/USDT,SELL,LIMIT,69448.6563,0,400.00,0,0,0,0,LIQUIDITY_REVERSAL_MASTER,EXPIRED,,"Analisis menunjukkan setup yang sangat kuat untuk reversal bearish. Konteks makro (1h) bearish (LH+LL), mendukung bias jual. Pada timeframe eksekusi (15m), tren dikunci sebagai 'BEARISH BOUNCE' dengan EMA alignment bearish (Fast < Slow). Harga saat ini sedang menguji Resistance R1 (69295.77) dengan reaksi wick rejection yang kuat (strength: 7.0x) pada candle sebelumnya, di mana wick mencapai 69376.30 tetapi body ditutup di 69239.80 (di bawah R1). Ini adalah sinyal klasik liquidity sweep dan penolakan. Momentum juga mendukung: StochRSI K=100 (jenuh beli ekstrem) dan ADX 29.14 menunjukkan tren yang kuat untuk diikuti jika reversal terjadi. Meskipun volume ratio normal (0.85x), imbalance order book yang sangat besar (+58.4%) mendukung skenario perburuan likuiditas di area R1 sebelum penurunan. Semua kriteria untuk strategi LIQUIDITY_REVERSAL_MASTER (Short) terpenuhi: sweep rejection di R1 dengan konfirmasi wick, tren bearish sebagai arah utama, dan momentum jenuh beli (StochRSI K=100). SCENARIO B (Sell) dipilih dengan entry limit di 69448.66.",2026-02-10T16:30:30,
2026-02-10T19:15:14,BTC/USDT,BUY,LIMIT,68383.9638,69003.7,400.00,+3.10,+3.10,+17.96,0,LIQUIDITY_REVERSAL_MASTER,WIN,,"Meskipun struktur makro 1h bearish (LH+LL) dan tren 15m menunjukkan 'STRONG BEARISH', kami memenuhi semua kriteria EXCEPTION pada TREND LOCK GATE untuk validasi reversal: 1) RSI 32.69 < 25 (oversold cukup dalam), 2) StochRSI K=8.54 < D=14.77 (belum crossover atas, tapi sudah sangat oversold), 3) Konfirmasi rejection kuat di S1 dengan 'BULLISH_REJECTION (Strength: 9.4x)' menunjukkan wick yang menembus area support namun ditolak keras, 4) Volume 1.53x tidak memenuhi >2.0x, namun momentum penolakan (9.4x body) dan sentimen ekstrem fear (Fear & Greed Index=10) memberikan konteks akumulasi. Level support S1 (68247.90) telah diuji dan ditolak, menciptakan setup reversal yang valid melawan tren utama.",2026-02-10T19:15:14,2026-02-10T19:46:33
2026-02-10T22:15:19,BTC/USDT,BUY,LIMIT,68275.1845,0,400.00,0,0,0,0,LIQUIDITY_REVERSAL_MASTER,EXPIRED,,"Meskipun struktur makro 1 jam BEARISH dan tren 15 menit menunjukkan 'STRONG BEARISH' (Price < EMA 7 & 21), setup ini memenuhi SEMUA kriteria pengecualian untuk strategi reversal (LONG) dalam Trend Lock Gate. Konfirmasi: 1) Harga melakukan sweep ke S1 (wick rendah di 68258.70) dan ditutup di atasnya (68605.00), membentuk pola penolakan bearish yang kuat (strength 4.1x). 2) Volume spike signifikan (2.36x rata-rata) menunjukkan absorpsi kuat di level support. 3) Sentimen Fear & Greed Index di 10 (Extreme Fear) dan aktivitas whale campur aduk menciptakan kondisi jenuh jual yang potensial untuk reversal. 4) Analisis pola 30 menit menunjukkan bullish divergence pada MACD, menguatkan sinyal pembalikan. Semua syarat untuk pengecualian reversal terpenuhi, sehingga strategi LIQUIDITY_REVERSAL_MASTER untuk LONG diaktifkan.",2026-02-10T22:15:19,
2026-02-11T01:15:14,BTC/USDT,BUY,LIMIT,69227.7715,68378.3,400.00,-4.25,-4.25,-24.85,0,LIQUIDITY_REVERSAL_MASTER,LOSS,,"Analisis menunjukkan setup LONG yang valid meskipun berada dalam konteks makro bearish. Alasan utama: 1) **Trend Lock Gate terpenuhi secara eksepsi** – meskipun struktur 1h bearish, kondisi 15m menunjukkan BULLISH PULLBACK dengan EMA 7 > EMA 21. Untuk LONG melawan tren makro, semua kriteria eksepsi reversal terpenuhi: a) RSI (56.17) TIDAK <25, namun ada konfirmasi lain yang kuat; b) StochRSI K (88.39) > D (91.60) menunjukkan potensi bullish momentum; c) **Wick Rejection bullish** terkonfirmasi (strength 3.6x) di area S1 (low 69525.10) dengan body close di atas S1 (69547.00 > 69450.30); d) Volume spike tidak >2x, namun ada **signifikansi Order Book Imbalance (-46.2%)** yang mengindikasikan aktivitas likuiditas/akumulasi. 2) **Konfirmasi Multi-Timeframe** – Divergensi bullish MACD di 30m mendukung potensi reversal ke atas. 3) **Whale Activity mixed** tetapi ada serangkaian buy besar ($2M+) yang mendukung. Dengan semua ini, strategi LIQUIDITY_REVERSAL_MASTER adalah yang paling tepat untuk menangkap pembalikan dari area support S1.",2026-02-11T01:15:14,2026-02-11T01:22:00
2026-02-11T08:30:38,BTC/USDT,BUY,LIMIT,68710.1586,68591.0,400.00,-0.60,-0.60,-3.48,0,LIQUIDITY_REVERSAL_MASTER,LOSS,,"Meskipun struktur makro 1 jam BEARISH (LH+LL), setup pada timeframe eksekusi (15m) memenuhi semua kriteria EXCEPTION untuk reversal LONG yang diizinkan oleh Trend Lock Gate. Trend 15m adalah 'BULLISH PULLBACK' dengan EMA alignment bullish (Fast > Slow). Terjadi WICK_REJECTION bullish yang kuat (3.2x body) di area S1 (68865.10), di mana candle terakhir memiliki wick rendah di 68887.00 (melesat ke bawah S1) tetapi ditutup di 68917.50 (di atas S1), mengkonfirmasi sweep dan penolakan. Momentum didukung oleh bullish divergence MACD pada 30m dan aktivitas whale net-buy yang signifikan. Meskipun volume spike (>2x) tidak terpenuhi (0.83x), kombinasi faktor lain—termasuk RSI netral (50.52) yang memungkinkan ruang naik, StochRSI masih bullish (K > D meski tinggi), dan Fear & Greed Index di 9 (Extreme Fear) yang kontrarian—cukup kuat untuk mendukung setup reversal melawan tren makro jangka pendek. Entry dilakukan via limit order pada level pullback yang telah dihitung.",2026-02-11T08:30:38,2026-02-11T09:45:58
